"index",	"x_prescribed",	"y_prescribed",	"x_match",	"y_match",	"u",	"v"
5654,	+1.869884000000000e-01,	-5.012344000000000e-02,	+1.869921285596248e-01,	-5.012346657177386e-02,	0.599486434550075,	0.220856495613111
5656,	+1.869667000000000e-01,	-5.024479000000000e-02,	+1.869704005725250e-01,	-5.024627307768381e-02,	0.599828793715239,	0.283936559167213
5652,	+1.869979000000000e-01,	-5.000050000000000e-02,	+1.870016495330574e-01,	-4.999937300688856e-02,	0.599336416396026,	0.170842940999325
5650,	+1.869849000000000e-01,	-4.987792000000000e-02,	+1.869886238768652e-01,	-4.987622361882725e-02,	0.599541656428577,	0.145665525935829
5648,	+1.869558000000000e-01,	-4.975655000000000e-02,	+1.869594839749880e-01,	-4.975470908459682e-02,	0.600000802157716,	0.138482014630590
5646,	+1.869205000000000e-01,	-4.963085000000000e-02,	+1.869241273275412e-01,	-4.962900203680368e-02,	0.600557902649688,	0.136702589423551
5644,	+1.868858000000000e-01,	-4.949333000000000e-02,	+1.868893727177880e-01,	-4.949135153106798e-02,	0.601105517075546,	0.130407583955815
5642,	+1.868483000000000e-01,	-4.932897000000000e-02,	+1.868518105878449e-01,	-4.932675395286034e-02,	0.601703655422476,	0.118658859047226
5640,	+1.867974000000000e-01,	-4.910852000000000e-02,	+1.868008404493645e-01,	-4.910599708591784e-02,	0.602516972478434,	0.103501115652637
5638,	+1.867216000000000e-01,	-4.881061000000000e-02,	+1.867249329133805e-01,	-4.880785952377657e-02,	0.603734096319346,	0.090881796420351
5636,	+1.866309000000000e-01,	-4.846969000000000e-02,	+1.866341014184188e-01,	-4.846677796004512e-02,	0.605199823494148,	0.081031419169914
5634,	+1.865372000000000e-01,	-4.812303000000000e-02,	+1.865402725947125e-01,	-4.812000520716393e-02,	0.606728675921216,	0.073009070896801
5632,	+1.864412000000000e-01,	-4.777691000000000e-02,	+1.864441614700438e-01,	-4.777384175388008e-02,	0.608303797162642,	0.067954390651487
5630,	+1.863441000000000e-01,	-4.743375000000000e-02,	+1.863469441282578e-01,	-4.743068209371928e-02,	0.609905744826293,	0.065362016542518
5628,	+1.862468000000000e-01,	-4.709225000000000e-02,	+1.862495383295723e-01,	-4.708920544249805e-02,	0.611518599790451,	0.063730964510410
5626,	+1.861497000000000e-01,	-4.675118000000000e-02,	+1.861523469987783e-01,	-4.674815678837295e-02,	0.613135066550133,	0.062141997431665
5624,	+1.860535000000000e-01,	-4.641009000000000e-02,	+1.860560611542050e-01,	-4.640706644733844e-02,	0.614744064263643,	0.059597509988207
5622,	+1.859586000000000e-01,	-4.606920000000000e-02,	+1.859610748158435e-01,	-4.606613238108806e-02,	0.616337072432400,	0.055610687431771
5620,	+1.858655000000000e-01,	-4.572921000000000e-02,	+1.858894990313349e-01,	-4.571924034154493e-02,	0.617540603910417,	0.021125349563947
5618,	+1.857740000000000e-01,	-4.538928000000000e-02,	+1.857763415524534e-01,	-4.538600898556334e-02,	0.619450678893850,	0.041900165890701
5616,	+1.856833000000000e-01,	-4.504846000000000e-02,	+1.856855842410840e-01,	-4.504503608287791e-02,	0.620988497466042,	0.032676238201839
5614,	+1.855934000000000e-01,	-4.470779000000000e-02,	+1.855956465448877e-01,	-4.470419423697786e-02,	0.622517570625677,	0.022374930426340
5612,	+1.855041000000000e-01,	-4.436770000000000e-02,	+1.855062864840737e-01,	-4.436392479783675e-02,	0.624040849673933,	0.011411122626742
5610,	+1.854150000000000e-01,	-4.402793000000000e-02,	+1.854171576891858e-01,	-4.402398622903437e-02,	0.625564053466845,	0.000108529347737
5608,	+1.853257000000000e-01,	-4.368832000000000e-02,	+1.853198509067362e-01,	-4.368667408758631e-02,	0.627231695568662,	0.000010000000000
5606,	+1.852361000000000e-01,	-4.334887000000000e-02,	+1.852224738611446e-01,	-4.334949128620413e-02,	0.628905946738661,	0.000010000000000
5604,	+1.851456000000000e-01,	-4.300932000000000e-02,	+1.851249596548935e-01,	-4.301199078402315e-02,	0.630586634093746,	0.000010000000000
5602,	+1.850540000000000e-01,	-4.266966000000000e-02,	+1.850272743985395e-01,	-4.267411432116259e-02,	0.632274121824564,	0.000010000000000
5600,	+1.849616000000000e-01,	-4.233174000000000e-02,	+1.849299199275808e-01,	-4.233765630691930e-02,	0.633959479397969,	0.000010000000000
5598,	+1.848679000000000e-01,	-4.199437000000000e-02,	+1.848325240693250e-01,	-4.200138899840073e-02,	0.635648872002418,	0.000010000000000
5596,	+1.847727000000000e-01,	-4.165732000000000e-02,	+1.847349914217536e-01,	-4.166504520117611e-02,	0.637343698155185,	0.000010000000000
5594,	+1.846767000000000e-01,	-4.132176000000000e-02,	+1.846376440189266e-01,	-4.132989018201996e-02,	0.639038485113030,	0.000010000000000
5592,	+1.845797000000000e-01,	-4.098702000000000e-02,	+1.845402916232352e-01,	-4.099529137104196e-02,	0.640735816964721,	0.000010000000000
5590,	+1.844818000000000e-01,	-4.065329000000000e-02,	+1.844429755201570e-01,	-4.066142863501664e-02,	0.642434552840829,	0.000010000000000
5588,	+1.843833000000000e-01,	-4.032096000000000e-02,	+1.843458083180824e-01,	-4.032874786749118e-02,	0.644132431549539,	0.000010000000000
5586,	+1.842840000000000e-01,	-3.998955000000000e-02,	+1.842486286405807e-01,	-3.999675618255421e-02,	0.645831976180633,	0.000010000000000
5584,	+1.841840000000000e-01,	-3.965856000000000e-02,	+1.841512916495013e-01,	-3.966502281693718e-02,	0.647535427694522,	0.000010000000000
5582,	+1.840835000000000e-01,	-3.932844000000000e-02,	+1.840538976472877e-01,	-3.933399245788908e-02,	0.649240752238930,	0.000010000000000
5580,	+1.839827000000000e-01,	-3.899966000000000e-02,	+1.839565521989600e-01,	-3.900422576009580e-02,	0.650945759536475,	0.000010000000000
5578,	+1.838810000000000e-01,	-3.867009000000000e-02,	+1.838586428683745e-01,	-3.867356670278463e-02,	0.652660728589019,	0.000010000000000
5576,	+1.837782000000000e-01,	-3.833928000000000e-02,	+1.837600072811268e-01,	-3.834155163514403e-02,	0.654388192177387,	0.000010000000000
5574,	+1.836751000000000e-01,	-3.800972000000000e-02,	+1.836613645106962e-01,	-3.801067824218785e-02,	0.656115233311835,	0.000010000000000
5572,	+1.835713000000000e-01,	-3.768032000000000e-02,	+1.835623689864825e-01,	-3.767985625925750e-02,	0.657847574854121,	0.000010000000000
5570,	+1.834664000000000e-01,	-3.734993000000000e-02,	+1.834626446177837e-01,	-3.734791543547836e-02,	0.659591449624254,	0.000010000000000
5568,	+1.833606000000000e-01,	-3.701936000000000e-02,	+1.833624069140187e-01,	-3.701566302231998e-02,	0.661342726343076,	0.000010196138152
5566,	+1.832539000000000e-01,	-3.668894000000000e-02,	+1.832563454345712e-01,	-3.668517666131121e-02,	0.663193335022171,	0.008738608547462
5564,	+1.831465000000000e-01,	-3.635885000000000e-02,	+1.831489864052551e-01,	-3.635524015649903e-02,	0.665063816843702,	0.019059492491560
5562,	+1.830384000000000e-01,	-3.602969000000000e-02,	+1.830409292201684e-01,	-3.602620269111192e-02,	0.666943244956252,	0.030227641552033
5560,	+1.829297000000000e-01,	-3.570185000000000e-02,	+1.829369265631322e-01,	-3.569697330919542e-02,	0.668748716057550,	0.034469927780529
5558,	+1.828204000000000e-01,	-3.537478000000000e-02,	+1.828230188623484e-01,	-3.537160629776524e-02,	0.670722112789899,	0.054963575276814
5556,	+1.827102000000000e-01,	-3.504801000000000e-02,	+1.827128598206656e-01,	-3.504499931278113e-02,	0.672626166275239,	0.068491046821061
5554,	+1.825993000000000e-01,	-3.472162000000000e-02,	+1.826019936334029e-01,	-3.471877846475446e-02,	0.674537851311602,	0.082593987088067
5552,	+1.824877000000000e-01,	-3.439563000000000e-02,	+1.824952522589802e-01,	-3.439135795462751e-02,	0.676373812063922,	0.088906074139834
5550,	+1.823754000000000e-01,	-3.407011000000000e-02,	+1.823781698085282e-01,	-3.406760795493913e-02,	0.678382212714375,	0.112476640072678
5548,	+1.822628000000000e-01,	-3.374545000000000e-02,	+1.822656063671029e-01,	-3.374309644457141e-02,	0.680307457293262,	0.127821114418531
5546,	+1.821498000000000e-01,	-3.342182000000000e-02,	+1.821526398344887e-01,	-3.341962850514274e-02,	0.682233799167253,	0.143527060836411
5544,	+1.820364000000000e-01,	-3.309876000000000e-02,	+1.820392634028860e-01,	-3.309672425162801e-02,	0.684161052030268,	0.159342691861231
5542,	+1.819225000000000e-01,	-3.277594000000000e-02,	+1.819253904364441e-01,	-3.277405510626186e-02,	0.686090380647808,	0.175212246174341
5540,	+1.818081000000000e-01,	-3.245358000000000e-02,	+1.818204940801588e-01,	-3.244853108144743e-02,	0.687861911499106,	0.173999809482880
5538,	+1.816933000000000e-01,	-3.213150000000000e-02,	+1.816962360612863e-01,	-3.212989872785251e-02,	0.689952656220978,	0.207122742612585
5536,	+1.815778000000000e-01,	-3.180935000000000e-02,	+1.815807556411635e-01,	-3.180788502525297e-02,	0.691888323768806,	0.223151206505505
5534,	+1.814617000000000e-01,	-3.148728000000000e-02,	+1.814646677708007e-01,	-3.148594576219203e-02,	0.693826665582596,	0.239212866037968
5532,	+1.813449000000000e-01,	-3.116527000000000e-02,	+1.813478855967609e-01,	-3.116406738126832e-02,	0.695768797991782,	0.255414134481234
5530,	+1.812273000000000e-01,	-3.084278000000000e-02,	+1.812302816034704e-01,	-3.084169161846998e-02,	0.697716486108604,	0.271622049198807
5528,	+1.811087000000000e-01,	-3.051976000000000e-02,	+1.811166622480823e-01,	-3.051700152621135e-02,	0.699590414176328,	0.278559791448983
5526,	+1.809894000000000e-01,	-3.019652000000000e-02,	+1.809923998851236e-01,	-3.019566616898541e-02,	0.701630475899856,	0.304379959723567
5524,	+1.808693000000000e-01,	-2.987342000000000e-02,	+1.808722942663862e-01,	-2.987267239062526e-02,	0.703593219581225,	0.320946106589474
5522,	+1.807486000000000e-01,	-2.955069000000000e-02,	+1.807515774204253e-01,	-2.955004206939416e-02,	0.705556654296989,	0.337517020809796
5520,	+1.806273000000000e-01,	-2.922810000000000e-02,	+1.806302642400687e-01,	-2.922757000967003e-02,	0.707520236024057,	0.353909104157646
5518,	+1.805052000000000e-01,	-2.890527000000000e-02,	+1.805081553270254e-01,	-2.890482325431006e-02,	0.709486865362897,	0.370166084830769
5516,	+1.803822000000000e-01,	-2.858189000000000e-02,	+1.803851184032511e-01,	-2.858152749351900e-02,	0.711458311161177,	0.386305093916093
5514,	+1.802583000000000e-01,	-2.825796000000000e-02,	+1.802611893887990e-01,	-2.825767376888711e-02,	0.713433634532766,	0.402206518174014
5512,	+1.801337000000000e-01,	-2.793392000000000e-02,	+1.801365662229558e-01,	-2.793371108283589e-02,	0.715409238529984,	0.417729409027072
5510,	+1.800087000000000e-01,	-2.761020000000000e-02,	+1.800115247451436e-01,	-2.761005663179794e-02,	0.717380553430201,	0.432608243000834
5508,	+1.798832000000000e-01,	-2.728705000000000e-02,	+1.798904733267663e-01,	-2.728523552152133e-02,	0.719278297840489,	0.437642612901811
5506,	+1.797577000000000e-01,	-2.696525000000000e-02,	+1.797648377750798e-01,	-2.696349926743978e-02,	0.721237082393191,	0.451454756362811
5504,	+1.796321000000000e-01,	-2.664479000000000e-02,	+1.796327891534593e-01,	-2.664557736230677e-02,	0.723283903751718,	0.478214111958525
5502,	+1.795059000000000e-01,	-2.632426000000000e-02,	+1.795084979830359e-01,	-2.632429616204354e-02,	0.725198723570558,	0.486316020884676
5500,	+1.793789000000000e-01,	-2.600323000000000e-02,	+1.793805957057906e-01,	-2.600362389294490e-02,	0.727157684787053,	0.499812881259872
5498,	+1.792512000000000e-01,	-2.568186000000000e-02,	+1.792536604282186e-01,	-2.568193988766728e-02,	0.729090130919132,	0.508809730913215
5496,	+1.791229000000000e-01,	-2.536040000000000e-02,	+1.791252741867344e-01,	-2.536048023719294e-02,	0.731032884063958,	0.518767140315966
5494,	+1.789940000000000e-01,	-2.503910000000000e-02,	+1.790086062608491e-01,	-2.503417945596719e-02,	0.732787757959617,	0.500098369114498
5492,	+1.788645000000000e-01,	-2.471798000000000e-02,	+1.788667080562785e-01,	-2.471806563048578e-02,	0.734909498213046,	0.536379317706830
5490,	+1.787344000000000e-01,	-2.439675000000000e-02,	+1.787365111817138e-01,	-2.439682036411377e-02,	0.736843303120103,	0.543749549486512
5488,	+1.786035000000000e-01,	-2.407512000000000e-02,	+1.786088525796767e-01,	-2.407377615601226e-02,	0.738727552344295,	0.542348144829991
5486,	+1.784718000000000e-01,	-2.375315000000000e-02,	+1.784737082829852e-01,	-2.375316934583472e-02,	0.740709675649317,	0.555633201514970
5484,	+1.783393000000000e-01,	-2.343096000000000e-02,	+1.783411039617234e-01,	-2.343095401210426e-02,	0.742641826221928,	0.560169474568103
5482,	+1.782057000000000e-01,	-2.310804000000000e-02,	+1.782103033944949e-01,	-2.310673580373004e-02,	0.744535426369408,	0.556828263310242
5480,	+1.780712000000000e-01,	-2.278483000000000e-02,	+1.780755465085492e-01,	-2.278352667977775e-02,	0.746473633846859,	0.559903586290477
5478,	+1.779364000000000e-01,	-2.246295000000000e-02,	+1.779455894131476e-01,	-2.245945323834022e-02,	0.748330690178298,	0.549509602618949
5476,	+1.778010000000000e-01,	-2.214141000000000e-02,	+1.778023505240994e-01,	-2.214121936168079e-02,	0.750363698047615,	0.569601729327415
5474,	+1.776644000000000e-01,	-2.181889000000000e-02,	+1.776701160694610e-01,	-2.181660728210513e-02,	0.752227870920420,	0.557923405329364
5472,	+1.775268000000000e-01,	-2.149510000000000e-02,	+1.775279064484695e-01,	-2.149476313896802e-02,	0.754218972077919,	0.567335219521776
5470,	+1.773894000000000e-01,	-2.117292000000000e-02,	+1.774145751836503e-01,	-2.116154333183688e-02,	0.755796461018692,	0.500013264551462
5468,	+1.772521000000000e-01,	-2.085190000000000e-02,	+1.772744946144343e-01,	-2.084155162915731e-02,	0.757733283276348,	0.499996560055796
5466,	+1.771139000000000e-01,	-2.052994000000000e-02,	+1.771247530632150e-01,	-2.052468079532128e-02,	0.759788479707175,	0.521621323735555
5464,	+1.769750000000000e-01,	-2.020736000000000e-02,	+1.769756265170082e-01,	-2.020666322348016e-02,	0.761820139110361,	0.538230125188650
5462,	+1.768350000000000e-01,	-1.988429000000000e-02,	+1.768417558591487e-01,	-1.988053742882250e-02,	0.763631795040491,	0.508681924901691
5460,	+1.766940000000000e-01,	-1.956076000000000e-02,	+1.766986975713516e-01,	-1.955777693294380e-02,	0.765554183101570,	0.499913696939837
5458,	+1.765517000000000e-01,	-1.923695000000000e-02,	+1.765510106356328e-01,	-1.923633381646024e-02,	0.767524235324558,	0.499803764853465
5456,	+1.764083000000000e-01,	-1.891330000000000e-02,	+1.764084252637012e-01,	-1.891214684398720e-02,	0.769412124941267,	0.480813561182468
5454,	+1.762634000000000e-01,	-1.859012000000000e-02,	+1.762601497355350e-01,	-1.859044076331274e-02,	0.771361483383485,	0.474360872906865
5452,	+1.761170000000000e-01,	-1.826761000000000e-02,	+1.761178102526836e-01,	-1.826569933614810e-02,	0.773219128935843,	0.445778087626000
5450,	+1.759686000000000e-01,	-1.794570000000000e-02,	+1.759683424916940e-01,	-1.794426581075351e-02,	0.775156044895291,	0.434339605533548
5448,	+1.758179000000000e-01,	-1.762391000000000e-02,	+1.758175153877291e-01,	-1.762241497889191e-02,	0.777096164938904,	0.421590512092782
5446,	+1.756640000000000e-01,	-1.730121000000000e-02,	+1.756679036828038e-01,	-1.729744104352398e-02,	0.779006369038867,	0.397265855363142
5444,	+1.755077000000000e-01,	-1.697850000000000e-02,	+1.755111427000679e-01,	-1.697484445226471e-02,	0.780992596025982,	0.389686545820008
5442,	+1.753501000000000e-01,	-1.665778000000000e-02,	+1.753559077209933e-01,	-1.665279079023592e-02,	0.782943528197547,	0.373869259238372
5440,	+1.751915000000000e-01,	-1.633910000000000e-02,	+1.751908891971359e-01,	-1.633733037687518e-02,	0.784999869754990,	0.388427053861202
5438,	+1.750320000000000e-01,	-1.602207000000000e-02,	+1.749979658511321e-01,	-1.603768311573887e-02,	0.787381264758870,	0.499782489790097
5436,	+1.748706000000000e-01,	-1.570437000000000e-02,	+1.748829300951622e-01,	-1.569552418202687e-02,	0.788786845755153,	0.324681648377848
5434,	+1.747070000000000e-01,	-1.538607000000000e-02,	+1.747058053741053e-01,	-1.538438195036669e-02,	0.790935204819393,	0.363831767062969
5432,	+1.745411000000000e-01,	-1.506768000000000e-02,	+1.745436308785363e-01,	-1.506386977413370e-02,	0.792882362299450,	0.339525722812154
5430,	+1.743728000000000e-01,	-1.474971000000000e-02,	+1.743323622921252e-01,	-1.476935244778919e-02,	0.795392177954450,	0.499745349823971
5428,	+1.742019000000000e-01,	-1.443243000000000e-02,	+1.741720145381556e-01,	-1.444648561718375e-02,	0.797273962087561,	0.453245020781567
5426,	+1.740279000000000e-01,	-1.411531000000000e-02,	+1.740248966202370e-01,	-1.411433734255934e-02,	0.798983627193852,	0.338020866431587
5424,	+1.738508000000000e-01,	-1.379908000000000e-02,	+1.738490866254551e-01,	-1.379736436930464e-02,	0.801007104182530,	0.329829271837110
5422,	+1.736714000000000e-01,	-1.348502000000000e-02,	+1.736689504802625e-01,	-1.348371115832789e-02,	0.803057099626123,	0.333033989986229
5420,	+1.734891000000000e-01,	-1.317210000000000e-02,	+1.734867964555985e-01,	-1.317068673216469e-02,	0.805106084848174,	0.335155029557086
5418,	+1.733031000000000e-01,	-1.285948000000000e-02,	+1.733011263488134e-01,	-1.285784693341972e-02,	0.807169944022483,	0.340117931312644
5416,	+1.731139000000000e-01,	-1.254789000000000e-02,	+1.731118613708230e-01,	-1.254629649056873e-02,	0.809248265670683,	0.350495224840865
5414,	+1.729230000000000e-01,	-1.223939000000000e-02,	+1.729208766281845e-01,	-1.223782928551581e-02,	0.811319483023034,	0.363562310018838
5412,	+1.727306000000000e-01,	-1.193367000000000e-02,	+1.727284092099923e-01,	-1.193214398499455e-02,	0.813380562664770,	0.377825314169203
5410,	+1.725366000000000e-01,	-1.163022000000000e-02,	+1.725343532244150e-01,	-1.162871641804083e-02,	0.815432256779627,	0.392360038575531
5408,	+1.723398000000000e-01,	-1.132667000000000e-02,	+1.723375044718959e-01,	-1.132518262450447e-02,	0.817486748921525,	0.405685787620690
5406,	+1.721405000000000e-01,	-1.102298000000000e-02,	+1.721381499346710e-01,	-1.102150420332092e-02,	0.819540273871872,	0.415701548388424
5404,	+1.719390000000000e-01,	-1.072011000000000e-02,	+1.719366073036769e-01,	-1.071863813470011e-02,	0.821588943316777,	0.422792826637587
5402,	+1.717354000000000e-01,	-1.041854000000000e-02,	+1.717329693867281e-01,	-1.041706128710534e-02,	0.823631328488302,	0.427114932348523
5400,	+1.715295000000000e-01,	-1.011848000000000e-02,	+1.715247208467000e-01,	-1.011861548025911e-02,	0.825691348375212,	0.446917914366451
5398,	+1.713212000000000e-01,	-9.820017000000000e-03,	+1.713166055696248e-01,	-9.819954491078507e-03,	0.827722020401587,	0.446479274162004
5396,	+1.711102000000000e-01,	-9.523189000000000e-03,	+1.711077156777649e-01,	-9.521650140507891e-03,	0.829732708791612,	0.428745259329179
5394,	+1.708964000000000e-01,	-9.228076999999999e-03,	+1.708939052435281e-01,	-9.226514751338764e-03,	0.831762457176461,	0.427425921226928
5392,	+1.706797000000000e-01,	-8.934846000000000e-03,	+1.706771972713228e-01,	-8.933258887592698e-03,	0.833791192409178,	0.426225344051806
5390,	+1.704597000000000e-01,	-8.643444000000000e-03,	+1.704556531194372e-01,	-8.643017942846710e-03,	0.835836123694563,	0.444936286597562
5388,	+1.702359000000000e-01,	-8.353286000000000e-03,	+1.702322714557324e-01,	-8.352528725969175e-03,	0.837869336965634,	0.444430459940714
5386,	+1.700089000000000e-01,	-8.065317000000001e-03,	+1.700058165163448e-01,	-8.064122496652259e-03,	0.839902000774755,	0.443699289051674
5384,	+1.697802000000000e-01,	-7.781024000000000e-03,	+1.697774765495800e-01,	-7.779530245095676e-03,	0.841923484085814,	0.443486561003857
5382,	+1.695499000000000e-01,	-7.500240000000000e-03,	+1.695472176716030e-01,	-7.498694733585110e-03,	0.843934275592159,	0.443138519199248
5380,	+1.693179000000000e-01,	-7.222341000000000e-03,	+1.693146113446566e-01,	-7.221264562579443e-03,	0.845938205868045,	0.443464192411486
5378,	+1.690826000000000e-01,	-6.945549000000000e-03,	+1.690802987731137e-01,	-6.943722471115433e-03,	0.847929922573878,	0.372321861882199
5376,	+1.688439000000000e-01,	-6.670556000000000e-03,	+1.688379635077240e-01,	-6.671906536270766e-03,	0.849962031084638,	0.443951694680174
5374,	+1.686019000000000e-01,	-6.398316000000000e-03,	+1.685945434719635e-01,	-6.401052171371983e-03,	0.851975956142936,	0.441624379867977
5372,	+1.683563000000000e-01,	-6.129451000000000e-03,	+1.683478835348517e-01,	-6.133297629685544e-03,	0.853989571643342,	0.440193630621043
5370,	+1.681069000000000e-01,	-5.864109000000000e-03,	+1.680983033784104e-01,	-5.868149905475933e-03,	0.856000113858647,	0.499953776756473
5368,	+1.678532000000000e-01,	-5.601662000000000e-03,	+1.678448950300790e-01,	-5.605573531762664e-03,	0.858014614486874,	0.499953942014314
5366,	+1.675971000000000e-01,	-5.343513000000000e-03,	+1.675890537058923e-01,	-5.347327396229891e-03,	0.860021871067052,	0.499957353040981
5364,	+1.673396000000000e-01,	-5.090472000000000e-03,	+1.673316582820863e-01,	-5.094350790886484e-03,	0.862015212633555,	0.499960061121601
5362,	+1.670788000000000e-01,	-4.840087000000000e-03,	+1.670704665998814e-01,	-4.844572964819690e-03,	0.864011911989509,	0.499963341332921
5360,	+1.668143000000000e-01,	-4.592392000000000e-03,	+1.668127097116731e-01,	-4.589298873542855e-03,	0.865957663986652,	0.649026957803337
5358,	+1.665468000000000e-01,	-4.348389000000000e-03,	+1.665408612661413e-01,	-4.350395756719902e-03,	0.867983347151651,	0.571816078915795
5356,	+1.662767000000000e-01,	-4.108558000000000e-03,	+1.662652614546106e-01,	-4.117382384461764e-03,	0.870010508091218,	0.499972578081967
5354,	+1.660035000000000e-01,	-3.873015000000000e-03,	+1.660026999399236e-01,	-3.868828016354782e-03,	0.871918286588181,	0.662699667768628
5352,	+1.657267000000000e-01,	-3.641952000000000e-03,	+1.657261496992705e-01,	-3.637452555598574e-03,	0.873902662155256,	0.665237466581469
5350,	+1.654455000000000e-01,	-3.415551000000000e-03,	+1.654309540135894e-01,	-3.429687498956534e-03,	0.875993200340745,	0.499979694142854
5348,	+1.651595000000000e-01,	-3.194179000000000e-03,	+1.651450240418950e-01,	-3.208868327668661e-03,	0.877992702951386,	0.499986613033943
5346,	+1.648709000000000e-01,	-2.980037000000000e-03,	+1.648573513208440e-01,	-2.994140167072357e-03,	0.879979530737560,	0.499990088464572
5344,	+1.645810000000000e-01,	-2.773852000000000e-03,	+1.645814601136740e-01,	-2.768168006564949e-03,	0.881862727942546,	0.616538988386012
5342,	+1.642867000000000e-01,	-2.573576000000000e-03,	+1.642771214891746e-01,	-2.583243943553696e-03,	0.883913981072444,	0.499994173582922
5340,	+1.639872000000000e-01,	-2.378866000000000e-03,	+1.639805461629436e-01,	-2.384477766633285e-03,	0.885888644929260,	0.500029249083521
5338,	+1.636824000000000e-01,	-2.190027000000000e-03,	+1.636794232161610e-01,	-2.190315371251588e-03,	0.887869357835346,	0.499999121633654
5336,	+1.633744000000000e-01,	-2.008561000000000e-03,	+1.633755606693946e-01,	-2.002236318733766e-03,	0.889844085287671,	0.499305654644543
5334,	+1.630638000000000e-01,	-1.834926000000000e-03,	+1.630695425815690e-01,	-1.820428029794862e-03,	0.891808737833777,	0.499277342882646
5332,	+1.627500000000000e-01,	-1.668602000000000e-03,	+1.627502583525746e-01,	-1.664244988073636e-03,	0.893832157287279,	0.419170070879169
5330,	+1.624353000000000e-01,	-1.510395000000000e-03,	+1.624366525438066e-01,	-1.504130549919647e-03,	0.895793991005272,	0.393493811186935
5328,	+1.621179000000000e-01,	-1.359231000000000e-03,	+1.621373193993753e-01,	-1.316932680729431e-03,	0.897641223124160,	0.499244868075718
5326,	+1.617958000000000e-01,	-1.214205000000000e-03,	+1.617965447266488e-01,	-1.209768123053172e-03,	0.899717111527019,	0.330866479767774
5324,	+1.614727000000000e-01,	-1.077053000000000e-03,	+1.614736130026589e-01,	-1.072570771104194e-03,	0.901655451408996,	0.309138169282189
5322,	+1.611497000000000e-01,	-9.482796000000000e-04,	+1.611507734532956e-01,	-9.437470519905050e-04,	0.903565995595192,	0.291210310445916
5320,	+1.608236000000000e-01,	-8.266606000000000e-04,	+1.608248611970101e-01,	-8.220557822074215e-04,	0.905467460276669,	0.276691330895584
5318,	+1.604937000000000e-01,	-7.120632000000000e-04,	+1.604951369269503e-01,	-7.074106060973426e-04,	0.907363601604543,	0.265436302406222
5316,	+1.601600000000000e-01,	-6.047197000000000e-04,	+1.601630604810758e-01,	-5.954538394785970e-04,	0.909245554600113,	0.270319845867009
5314,	+1.598240000000000e-01,	-5.052796000000000e-04,	+1.598292459449592e-01,	-4.885950522342577e-04,	0.911109728054467,	0.285110445833997
5312,	+1.594867000000000e-01,	-4.144735000000000e-04,	+1.594921251154074e-01,	-3.963584314158840e-04,	0.912964736630092,	0.284815083971459
5310,	+1.591479000000000e-01,	-3.325084000000000e-04,	+1.591501083452744e-01,	-3.275971348816915e-04,	0.914818804367578,	0.248036641787125
5308,	+1.588069000000000e-01,	-2.595389000000000e-04,	+1.588092991575724e-01,	-2.545869755405544e-04,	0.916638930913148,	0.246761069656530
5306,	+1.584644000000000e-01,	-1.956651000000000e-04,	+1.584670074002135e-01,	-1.906827829668729e-04,	0.918440072848339,	0.245989424583527
5304,	+1.581216000000000e-01,	-1.410377000000000e-04,	+1.581252194771191e-01,	-1.299191060176434e-04,	0.920212348765806,	0.260325534818848
5302,	+1.577790000000000e-01,	-9.560331999999999e-05,	+1.577824199441084e-01,	-8.763754678655795e-05,	0.921964213206721,	0.252421066387104
5300,	+1.574360000000000e-01,	-5.923720000000000e-05,	+1.574392263738037e-01,	-5.424436704223118e-05,	0.923690380481153,	0.247237524715117
5298,	+1.570930000000000e-01,	-3.197483000000000e-05,	+1.570964510499566e-01,	-2.700715255244066e-05,	0.925387613170006,	0.250647982236864
5296,	+1.567516000000000e-01,	-1.360330000000000e-05,	+1.567552685790443e-01,	-8.666693932946100e-06,	0.927053163038569,	0.253901405302186
5294,	+1.564128000000000e-01,	-3.214740000000000e-06,	+1.564168799401612e-01,	+2.165749014456943e-05,	0.928682481626999,	0.304439662789321
5292,	+1.560759000000000e-01,	+1.991267000000000e-07,	+1.560799993323707e-01,	+5.018968941000038e-06,	0.930283083235210,	0.264681270244089
5290,	+1.557397000000000e-01,	-2.641771000000000e-06,	+1.557440161605439e-01,	+2.135515590746778e-06,	0.931858846117967,	0.274417586005674
5288,	+1.554036000000000e-01,	-1.143750000000000e-05,	+1.554081438302981e-01,	-6.703048104792881e-06,	0.933406398905269,	0.294302723081944
5286,	+1.550678000000000e-01,	-2.594086000000000e-05,	+1.550713652178906e-01,	-6.424868827117352e-06,	0.934938708765604,	0.352671267733117
5284,	+1.547323000000000e-01,	-4.624302000000000e-05,	+1.547368813660207e-01,	-3.799261002870939e-05,	0.936442105930866,	0.352811646049645
5282,	+1.543974000000000e-01,	-7.301686000000000e-05,	+1.544026226486715e-01,	-6.838838046608919e-05,	0.937926944121278,	0.371306132871003
5280,	+1.540632000000000e-01,	-1.069829000000000e-04,	+1.540686594814686e-01,	-1.023987242668101e-04,	0.939384835593648,	0.404528042168723
5278,	+1.537298000000000e-01,	-1.484709000000000e-04,	+1.537310768359955e-01,	-1.182751567858474e-04,	0.940840945403777,	0.499252118571561
5276,	+1.533974000000000e-01,	-1.973196000000000e-04,	+1.534004838047928e-01,	-1.787527304328869e-04,	0.942251452041613,	0.499259185901651
5274,	+1.530663000000000e-01,	-2.533045000000000e-04,	+1.530718585586259e-01,	-2.460766147381872e-04,	0.943634881078472,	0.499265216773409
5272,	+1.527367000000000e-01,	-3.159794000000000e-04,	+1.527450863042232e-01,	-3.205446482360580e-04,	0.944990515102219,	0.500017725150257
5270,	+1.524084000000000e-01,	-3.847712000000000e-04,	+1.524198999286943e-01,	-3.996945693683523e-04,	0.946328383122502,	0.500033862880252
5268,	+1.520814000000000e-01,	-4.591384000000000e-04,	+1.520871068656406e-01,	-4.513707453395195e-04,	0.947683595585837,	0.591044915443432
5266,	+1.517558000000000e-01,	-5.386262000000000e-04,	+1.517617993445750e-01,	-5.310619717770720e-04,	0.948995882010711,	0.625719424777321
5264,	+1.514318000000000e-01,	-6.228143000000000e-04,	+1.514357061940069e-01,	-6.083731812994162e-04,	0.950305953801850,	0.678913258915345
5262,	+1.511092000000000e-01,	-7.115964999999999e-04,	+1.511151069718093e-01,	-7.029911942931815e-04,	0.951587427437066,	0.697913384943744
5260,	+1.507882000000000e-01,	-8.052799000000000e-04,	+1.507931729097656e-01,	-7.941520137536356e-04,	0.952870769641608,	0.744509628373077
5258,	+1.504687000000000e-01,	-9.043190000000000e-04,	+1.504744501448706e-01,	-8.952158006120261e-04,	0.954140231548912,	0.771364914154740
5256,	+1.501516000000000e-01,	-1.009933000000000e-03,	+1.501904639965353e-01,	-1.093931695401141e-03,	0.955271498083140,	0.500013553815368
5254,	+1.498375000000000e-01,	-1.123495000000000e-03,	+1.498791020520922e-01,	-1.209440671536229e-03,	0.956514176980551,	0.500023935150117
5252,	+1.495264000000000e-01,	-1.243846000000000e-03,	+1.495676320432765e-01,	-1.328620925797935e-03,	0.957759806836161,	0.500029279262691
5250,	+1.492169000000000e-01,	-1.367052000000000e-03,	+1.492248286872893e-01,	-1.363189504911686e-03,	0.959140164980178,	0.820720005506824
5248,	+1.489076000000000e-01,	-1.490271000000000e-03,	+1.489217742325392e-01,	-1.501041673900640e-03,	0.960366694836599,	0.789221350802666
5246,	+1.485984000000000e-01,	-1.614230000000000e-03,	+1.486477354247751e-01,	-1.708847674065763e-03,	0.961484025164821,	0.500020746020047
5244,	+1.482901000000000e-01,	-1.740340000000000e-03,	+1.483449912311407e-01,	-1.842619225116860e-03,	0.962730914279495,	0.499997910679623
5242,	+1.479840000000000e-01,	-1.871051000000000e-03,	+1.480089660823466e-01,	-1.903062712721805e-03,	0.964126469796281,	0.821537026508789
5240,	+1.476817000000000e-01,	-2.009356000000000e-03,	+1.476919220675395e-01,	-2.010258640717774e-03,	0.965465831061828,	0.989242880732714
5238,	+1.473844000000000e-01,	-2.157563000000000e-03,	+1.473988063458136e-01,	-2.167100598532227e-03,	0.966723109785118,	0.955590966826738
5236,	+1.470933000000000e-01,	-2.317196000000000e-03,	+1.471063298334518e-01,	-2.323832802643981e-03,	0.967990660977553,	0.930399632305918
5234,	+1.468090000000000e-01,	-2.487889000000000e-03,	+1.468199065437443e-01,	-2.490928064643066e-03,	0.969267043577366,	0.877180866310495
5232,	+1.465306000000000e-01,	-2.667458000000000e-03,	+1.465668390635064e-01,	-2.718096085524067e-03,	0.970410655428333,	0.499975326007403
5230,	+1.462560000000000e-01,	-2.852478000000000e-03,	+1.462777465958427e-01,	-2.876863424969991e-03,	0.971743882094053,	0.499970457849610
5228,	+1.459819000000000e-01,	-3.038045000000000e-03,	+1.459918106106519e-01,	-3.041089295689135e-03,	0.973108225960207,	0.499372706355801
5226,	+1.457071000000000e-01,	-3.222240000000000e-03,	+1.457070337425226e-01,	-3.209287177440761e-03,	0.974500215735071,	0.499408706827118
5224,	+1.454331000000000e-01,	-3.406867000000000e-03,	+1.454251807963092e-01,	-3.381312726071674e-03,	0.975917385102454,	0.499415273998331
5222,	+1.451621000000000e-01,	-3.594809000000000e-03,	+1.451868827124146e-01,	-3.624066604306119e-03,	0.977179678121192,	0.000010385975287
5220,	+1.448963000000000e-01,	-3.789548000000000e-03,	+1.449100764524269e-01,	-3.801878335274172e-03,	0.978692419775091,	0.000010021177679
5218,	+1.446369000000000e-01,	-3.992264000000000e-03,	+1.446371632565958e-01,	-3.985123141957176e-03,	0.980253114539246,	0.000010000000000
5216,	+1.443841000000000e-01,	-4.202587000000000e-03,	+1.443695727017554e-01,	-4.174950894657325e-03,	0.981875821153723,	0.000010000000000
5214,	+1.441376000000000e-01,	-4.419692000000000e-03,	+1.441073059331280e-01,	-4.374671303267272e-03,	0.983597042877374,	0.000010000000000
5212,	+1.438973000000000e-01,	-4.643406000000000e-03,	+1.438502494511362e-01,	-4.584856211758818e-03,	0.985427735031397,	0.000010000000000
5210,	+1.436647000000000e-01,	-4.874732000000000e-03,	+1.435783817517137e-01,	-4.782716614713325e-03,	0.987580727330055,	0.499317916759079
5208,	+1.434435000000000e-01,	-5.116472000000000e-03,	+1.433658508563364e-01,	-5.042670728818743e-03,	0.989518074142692,	0.000010000000000
5206,	+1.432395000000000e-01,	-5.372203000000000e-03,	+1.431459827060183e-01,	-5.298280038081500e-03,	0.991888095911902,	0.000010000000000
5204,	+1.430726000000000e-01,	-5.652455000000000e-03,	+1.429511317450705e-01,	-5.598325842804419e-03,	0.994801515751337,	0.000010000000000
5202,	+1.429871000000000e-01,	-5.965884000000000e-03,	+1.428149091853347e-01,	-5.961196552239897e-03,	0.998612680410600,	0.499915223014684
5198,	+1.429664000000000e-01,	-6.290745000000000e-03,	+1.428358311294052e-01,	-6.349721000930491e-03,	0.003140783854154,	0.483764193056635
5199,	+1.429723000000000e-01,	-6.616684000000000e-03,	+1.429581886330074e-01,	-6.654335762042361e-03,	0.006628475115481,	0.483827861927085
6054,	+1.430637000000000e-01,	-6.928619000000000e-03,	+1.431093631519796e-01,	-6.930269218664570e-03,	0.009310252192989,	0.999989953079424
6052,	+1.432416000000000e-01,	-7.200515000000000e-03,	+1.432989120651754e-01,	-7.189543626267822e-03,	0.011935882496169,	0.999990000000000
6050,	+1.434548000000000e-01,	-7.446391000000000e-03,	+1.435074982928953e-01,	-7.430982082188810e-03,	0.014304036800438,	0.999990000000000
6048,	+1.436824000000000e-01,	-7.679781000000000e-03,	+1.437318278781369e-01,	-7.663632418869056e-03,	0.016535218544069,	0.999990000000000
6046,	+1.439207000000000e-01,	-7.902760000000000e-03,	+1.439662017273489e-01,	-7.887126829721624e-03,	0.018641672513934,	0.999990000000000
6044,	+1.441682000000000e-01,	-8.116125000000000e-03,	+1.442086158533059e-01,	-8.103000906698131e-03,	0.020648651754746,	0.999990000000000
6042,	+1.444232000000000e-01,	-8.321168000000000e-03,	+1.444575250514665e-01,	-8.312370544301853e-03,	0.022574800059820,	0.999990000000000
6040,	+1.446844000000000e-01,	-8.518780000000000e-03,	+1.447118628223757e-01,	-8.516182718190247e-03,	0.024435268007423,	0.999990000000000
6038,	+1.449506000000000e-01,	-8.709844000000000e-03,	+1.449705615237941e-01,	-8.714986418433750e-03,	0.026240169888271,	0.999990000000000
6036,	+1.452209000000000e-01,	-8.895383000000000e-03,	+1.452332795028001e-01,	-8.909350067999026e-03,	0.027998687031993,	0.999989657417352
6034,	+1.454946000000000e-01,	-9.076097999999999e-03,	+1.454993042396241e-01,	-9.098973704279294e-03,	0.029712067535926,	0.999985652118682
6032,	+1.457717000000000e-01,	-9.252398000000000e-03,	+1.457816158364983e-01,	-9.266224788982744e-03,	0.031478992765814,	0.869539194082264
6030,	+1.460518000000000e-01,	-9.424590000000000e-03,	+1.460446693631952e-01,	-9.462468285739625e-03,	0.033084966289410,	0.960304804607773
6028,	+1.463344000000000e-01,	-9.592933999999999e-03,	+1.463285022208449e-01,	-9.627948888683671e-03,	0.034782904706228,	0.874610803179431
6026,	+1.466194000000000e-01,	-9.757626000000000e-03,	+1.466222836734798e-01,	-9.777367033428415e-03,	0.036508191094893,	0.726417442189136
6024,	+1.469068000000000e-01,	-9.918714000000000e-03,	+1.469282975898847e-01,	-9.905352561497197e-03,	0.038277014420487,	0.499814144183384
6022,	+1.471967000000000e-01,	-1.007634000000000e-02,	+1.472113002013525e-01,	-1.007280346670345e-02,	0.039891691207273,	0.499817031802066
6020,	+1.474882000000000e-01,	-1.023163000000000e-02,	+1.474960435396716e-01,	-1.023767660511353e-02,	0.041501283899627,	0.499822116449571
6018,	+1.477801000000000e-01,	-1.038621000000000e-02,	+1.477843123103391e-01,	-1.039684440802922e-02,	0.043122076705683,	0.483827155423684
6016,	+1.480721000000000e-01,	-1.054088000000000e-02,	+1.480720528475527e-01,	-1.055752322962995e-02,	0.044734531464142,	0.483812674643851
6014,	+1.483651000000000e-01,	-1.069363000000000e-02,	+1.483610138667217e-01,	-1.071618900587514e-02,	0.046351776012252,	0.483798034994956
6012,	+1.486608000000000e-01,	-1.084186000000000e-02,	+1.486512671498434e-01,	-1.087270352339595e-02,	0.047978214168426,	0.483780979697990
6010,	+1.489600000000000e-01,	-1.098390000000000e-02,	+1.489655097960532e-01,	-1.098492559852363e-02,	0.049747957770039,	0.327448922377204
6008,	+1.492618000000000e-01,	-1.112132000000000e-02,	+1.492541778743003e-01,	-1.114592700865191e-02,	0.051386301749551,	0.362944220579301
6006,	+1.495648000000000e-01,	-1.125632000000000e-02,	+1.495694654532885e-01,	-1.125528933168110e-02,	0.053194021687986,	0.225492796655805
6004,	+1.498679000000000e-01,	-1.139099000000000e-02,	+1.498716313376638e-01,	-1.138998644138256e-02,	0.054950775845338,	0.187643784921889
6002,	+1.501711000000000e-01,	-1.152559000000000e-02,	+1.501796637482833e-01,	-1.151277151839986e-02,	0.056771919004513,	0.120692081300022
6000,	+1.504746000000000e-01,	-1.165963000000000e-02,	+1.504779988328236e-01,	-1.165601940234733e-02,	0.058568552475666,	0.126845905215339
5998,	+1.507790000000000e-01,	-1.179268000000000e-02,	+1.507849197027229e-01,	-1.178184355376956e-02,	0.060452620369252,	0.086803468493259
5996,	+1.510846000000000e-01,	-1.192444000000000e-02,	+1.510871401668525e-01,	-1.191949166186643e-02,	0.062343807115080,	0.088567518074398
5994,	+1.513912000000000e-01,	-1.205477000000000e-02,	+1.513933195783258e-01,	-1.204925864406457e-02,	0.064297569078568,	0.074059868812322
5992,	+1.516982000000000e-01,	-1.218357000000000e-02,	+1.516998934140361e-01,	-1.217757906121957e-02,	0.066292698895582,	0.062743008509444
5990,	+1.520058000000000e-01,	-1.231095000000000e-02,	+1.520070651380186e-01,	-1.230454890846560e-02,	0.068331508289733,	0.054364812925020
5988,	+1.523141000000000e-01,	-1.243720000000000e-02,	+1.523149421399173e-01,	-1.243048821474647e-02,	0.070415624087354,	0.049248989523731
5986,	+1.526234000000000e-01,	-1.256286000000000e-02,	+1.526238149185281e-01,	-1.255588989598452e-02,	0.072547862607206,	0.047873216711520
5984,	+1.529334000000000e-01,	-1.268830000000000e-02,	+1.529334133245863e-01,	-1.268116637549723e-02,	0.074727018676431,	0.050949349043476
5982,	+1.532435000000000e-01,	-1.281378000000000e-02,	+1.532431070480040e-01,	-1.280655997506981e-02,	0.076948948422220,	0.059011790130659
5980,	+1.535535000000000e-01,	-1.293967000000000e-02,	+1.535527050951045e-01,	-1.293245689274877e-02,	0.079212230292007,	0.072430325463416
5978,	+1.538632000000000e-01,	-1.306613000000000e-02,	+1.538620177561845e-01,	-1.305898593295504e-02,	0.081515137799556,	0.090981139301858
5976,	+1.541727000000000e-01,	-1.319326000000000e-02,	+1.541711260079666e-01,	-1.318626064295732e-02,	0.083857678819380,	0.114174951754608
5974,	+1.544820000000000e-01,	-1.332112000000000e-02,	+1.544800668425090e-01,	-1.331434459576423e-02,	0.086240256698066,	0.141507231143938
5972,	+1.547910000000000e-01,	-1.344981000000000e-02,	+1.547887168966166e-01,	-1.344331666935150e-02,	0.088664445257076,	0.172702295497003
5970,	+1.551003000000000e-01,	-1.357962000000000e-02,	+1.550976800679614e-01,	-1.357347301496820e-02,	0.091128956050748,	0.206836460227845
5968,	+1.554100000000000e-01,	-1.371082000000000e-02,	+1.554070548806287e-01,	-1.370506640278703e-02,	0.093632950278282,	0.243583865887230
5966,	+1.557197000000000e-01,	-1.384333000000000e-02,	+1.557187253439351e-01,	-1.383160210202027e-02,	0.096190005536187,	0.269097462636079
5964,	+1.560289000000000e-01,	-1.397710000000000e-02,	+1.560253686525279e-01,	-1.397226806398528e-02,	0.098742578569159,	0.322296197586599
5962,	+1.563375000000000e-01,	-1.411226000000000e-02,	+1.563337209113811e-01,	-1.410792457105324e-02,	0.101337695251663,	0.362959869123911
5960,	+1.566454000000000e-01,	-1.424896000000000e-02,	+1.566413917884985e-01,	-1.424513147911793e-02,	0.103952322163754,	0.403843551640802
5958,	+1.569526000000000e-01,	-1.438733000000000e-02,	+1.569417441075323e-01,	-1.440150908640003e-02,	0.106527930208372,	0.478551660526692
5956,	+1.572591000000000e-01,	-1.452757000000000e-02,	+1.572555334254271e-01,	-1.452258715073306e-02,	0.109238409510696,	0.478708823415704
5954,	+1.575654000000000e-01,	-1.467003000000000e-02,	+1.575615745498451e-01,	-1.466583228850759e-02,	0.111895639550013,	0.516774658988701
5952,	+1.578717000000000e-01,	-1.481504000000000e-02,	+1.578672882059329e-01,	-1.481251720676766e-02,	0.114562004954698,	0.554477989818156
5950,	+1.581776000000000e-01,	-1.496258000000000e-02,	+1.581728645027163e-01,	-1.496095883953541e-02,	0.117238510739195,	0.588687634888406
5948,	+1.584823000000000e-01,	-1.511246000000000e-02,	+1.584775224825183e-01,	-1.511117833236704e-02,	0.119917091492329,	0.620421074439079
5946,	+1.587860000000000e-01,	-1.526473000000000e-02,	+1.587811938913530e-01,	-1.526374742101776e-02,	0.122597951235595,	0.650062655207468
5944,	+1.590887000000000e-01,	-1.541942000000000e-02,	+1.590838917280779e-01,	-1.541868704665643e-02,	0.125280846443337,	0.677613670477645
5942,	+1.593905000000000e-01,	-1.557650000000000e-02,	+1.593857227541899e-01,	-1.557600997968173e-02,	0.127965543013250,	0.703461428404561
5940,	+1.596913000000000e-01,	-1.573593000000000e-02,	+1.596865679623479e-01,	-1.573563954029623e-02,	0.130651807403309,	0.726911774532057
5938,	+1.599913000000000e-01,	-1.589775000000000e-02,	+1.599866447963722e-01,	-1.589762536689129e-02,	0.133341032088455,	0.747996455480583
5936,	+1.602910000000000e-01,	-1.606218000000000e-02,	+1.602864443870209e-01,	-1.606218121056868e-02,	0.136036611363792,	0.767090931489091
5934,	+1.605905000000000e-01,	-1.622948000000000e-02,	+1.605860572645195e-01,	-1.622960375685481e-02,	0.138740318178014,	0.783762358702019
5932,	+1.608894000000000e-01,	-1.639967000000000e-02,	+1.608851067384500e-01,	-1.639988422863937e-02,	0.141447934630039,	0.798584389558458
5930,	+1.611870000000000e-01,	-1.657254000000000e-02,	+1.611828648728812e-01,	-1.657282699904849e-02,	0.144152021921135,	0.812181976552503
5928,	+1.614825000000000e-01,	-1.674778000000000e-02,	+1.614785329391267e-01,	-1.674811443380551e-02,	0.146846284271725,	0.823811960168024
5926,	+1.617744000000000e-01,	-1.692469000000000e-02,	+1.617706247794829e-01,	-1.692505306654769e-02,	0.149515761510030,	0.834432154273487
5924,	+1.620626000000000e-01,	-1.710335000000000e-02,	+1.620590258601506e-01,	-1.710374879219983e-02,	0.152158675829010,	0.844577846802636
5922,	+1.623496000000000e-01,	-1.728536000000000e-02,	+1.623462532735921e-01,	-1.728577828138697e-02,	0.154798745661060,	0.853571974144338
5920,	+1.626363000000000e-01,	-1.747116000000000e-02,	+1.626331823467548e-01,	-1.747159509080255e-02,	0.157443010300799,	0.861820950325323
5918,	+1.629224000000000e-01,	-1.766046000000000e-02,	+1.629195267922143e-01,	-1.766089449897964e-02,	0.160088299444407,	0.869342228701505
5916,	+1.632079000000000e-01,	-1.785301000000000e-02,	+1.632052798213536e-01,	-1.785345720655603e-02,	0.162735057744006,	0.875141894197261
5914,	+1.634926000000000e-01,	-1.804859000000000e-02,	+1.634902338231895e-01,	-1.804904286548841e-02,	0.165380735781156,	0.879373198326652
5912,	+1.637762000000000e-01,	-1.824686000000000e-02,	+1.637741047648455e-01,	-1.824730763141972e-02,	0.168022013664727,	0.882244247763679
5910,	+1.640584000000000e-01,	-1.844740000000000e-02,	+1.640565833098034e-01,	-1.844785785543813e-02,	0.170656386510795,	0.883076401862238
5908,	+1.643391000000000e-01,	-1.865000000000000e-02,	+1.643375589338794e-01,	-1.865044888841216e-02,	0.173282748617049,	0.881800841266297
5906,	+1.646183000000000e-01,	-1.885462000000000e-02,	+1.646170539896263e-01,	-1.885506663927480e-02,	0.175900729028504,	0.879007450572664
5904,	+1.648963000000000e-01,	-1.906123000000000e-02,	+1.648953384632338e-01,	-1.906167243235219e-02,	0.178513078268645,	0.874274892465350
5902,	+1.651730000000000e-01,	-1.926982000000000e-02,	+1.651723235332871e-01,	-1.927025880417068e-02,	0.181119415383076,	0.867329987008472
5900,	+1.654487000000000e-01,	-1.948048000000000e-02,	+1.654482947506073e-01,	-1.948090659765357e-02,	0.183721629610421,	0.858830508036287
5898,	+1.657239000000000e-01,	-1.969348000000000e-02,	+1.657237747738848e-01,	-1.969390163102621e-02,	0.186324634476792,	0.848716390659066
5896,	+1.659987000000000e-01,	-1.990891000000000e-02,	+1.659988540641067e-01,	-1.990931013794348e-02,	0.188930223615193,	0.836220243534364
5894,	+1.662712000000000e-01,	-2.012529000000000e-02,	+1.662716231402114e-01,	-2.012567892928063e-02,	0.191519403662918,	0.822362548661283
5892,	+1.665414000000000e-01,	-2.034275000000000e-02,	+1.665420887577826e-01,	-2.034311629884583e-02,	0.194092066787399,	0.807452669523699
5890,	+1.668100000000000e-01,	-2.056190000000000e-02,	+1.668109491532954e-01,	-2.056225741911927e-02,	0.196655225843924,	0.791255470945786
5888,	+1.670770000000000e-01,	-2.078293000000000e-02,	+1.670781819224464e-01,	-2.078326849591901e-02,	0.199208652719891,	0.774021917397425
5886,	+1.673426000000000e-01,	-2.100601000000000e-02,	+1.673440152651390e-01,	-2.100633050749427e-02,	0.201753970206292,	0.756232750968842
5884,	+1.676065000000000e-01,	-2.123126000000000e-02,	+1.676081386363899e-01,	-2.123156810992965e-02,	0.204288149855856,	0.738346375518232
5882,	+1.678688000000000e-01,	-2.145859000000000e-02,	+1.678706511621812e-01,	-2.145889992976305e-02,	0.206812764918882,	0.719699074714584
5880,	+1.681290000000000e-01,	-2.168792000000000e-02,	+1.681310347172899e-01,	-2.168823203903018e-02,	0.209322264665341,	0.701135960671799
5878,	+1.683872000000000e-01,	-2.191925000000000e-02,	+1.683894086219587e-01,	-2.191957424241549e-02,	0.211817511299401,	0.682775759043448
5876,	+1.686433000000000e-01,	-2.215270000000000e-02,	+1.686456703178974e-01,	-2.215303849064305e-02,	0.214297432756907,	0.664857661955705
5874,	+1.688971000000000e-01,	-2.238824000000000e-02,	+1.688995972245412e-01,	-2.238860124258051e-02,	0.216760347318072,	0.647170080327345
5872,	+1.691485000000000e-01,	-2.262568000000000e-02,	+1.691511228800223e-01,	-2.262607670837165e-02,	0.219205146847961,	0.629937240271279
5870,	+1.693968000000000e-01,	-2.286452000000000e-02,	+1.693995103737627e-01,	-2.286496588088616e-02,	0.221624322041409,	0.613605076400901
5868,	+1.696419000000000e-01,	-2.310475000000000e-02,	+1.696446959215928e-01,	-2.310525677343230e-02,	0.224017131342656,	0.598270763789963
5866,	+1.698854000000000e-01,	-2.334776000000000e-02,	+1.698882454956878e-01,	-2.334833916391484e-02,	0.226398857581997,	0.583738554084493
5864,	+1.701273000000000e-01,	-2.359343000000000e-02,	+1.701301814763583e-01,	-2.359409085835554e-02,	0.228770411041062,	0.569499201373903
5862,	+1.703674000000000e-01,	-2.384129000000000e-02,	+1.703703010288826e-01,	-2.384203660574190e-02,	0.231129425563293,	0.555694205265906
5860,	+1.706059000000000e-01,	-2.409146000000000e-02,	+1.706088129845330e-01,	-2.409230116709390e-02,	0.233477946844402,	0.542318463284732
5858,	+1.708434000000000e-01,	-2.434427000000000e-02,	+1.708463055637771e-01,	-2.434521495315533e-02,	0.235821881271036,	0.529114894336257
5856,	+1.710786000000000e-01,	-2.459818000000000e-02,	+1.710822347407178e-01,	-2.459855730615371e-02,	0.238155973830000,	0.514850157333558
5854,	+1.713115000000000e-01,	-2.485285000000000e-02,	+1.713143407699957e-01,	-2.485401182633225e-02,	0.240457901392681,	0.502905592596502
5852,	+1.715426000000000e-01,	-2.510890000000000e-02,	+1.715453813690765e-01,	-2.511016176917973e-02,	0.242755644421617,	0.489436615336133
5850,	+1.717727000000000e-01,	-2.536714000000000e-02,	+1.717754271166629e-01,	-2.536850237778988e-02,	0.245049483932294,	0.475852955522201
5848,	+1.720010000000000e-01,	-2.562705000000000e-02,	+1.720036574782378e-01,	-2.562850886051545e-02,	0.247331277058720,	0.462546397774410
5846,	+1.722268000000000e-01,	-2.588787000000000e-02,	+1.722293795357475e-01,	-2.588943750477368e-02,	0.249594132282889,	0.449622579873603
5844,	+1.724503000000000e-01,	-2.615022000000000e-02,	+1.724528015483694e-01,	-2.615187885379002e-02,	0.251840153174004,	0.437353656829695
5842,	+1.726715000000000e-01,	-2.641406000000000e-02,	+1.726739188886361e-01,	-2.641583234418135e-02,	0.254069311155020,	0.425763227170505
5840,	+1.728897000000000e-01,	-2.667882000000000e-02,	+1.728920234802205e-01,	-2.668070387099926e-02,	0.256274455957525,	0.415089948435646
5838,	+1.731051000000000e-01,	-2.694480000000000e-02,	+1.731073131086474e-01,	-2.694679121488265e-02,	0.258457542760123,	0.405392508736474
5836,	+1.733189000000000e-01,	-2.721343000000000e-02,	+1.733210172711688e-01,	-2.721553028627981e-02,	0.260631346056827,	0.396448000658563
5834,	+1.735310000000000e-01,	-2.748428000000000e-02,	+1.735330173930675e-01,	-2.748650330205679e-02,	0.262794555618850,	0.388141449503822
5832,	+1.737412000000000e-01,	-2.775689000000000e-02,	+1.737431023977666e-01,	-2.775922705981377e-02,	0.264944882331058,	0.380409497693465
5830,	+1.739495000000000e-01,	-2.803117000000000e-02,	+1.739512935147961e-01,	-2.803362035057495e-02,	0.267082563342030,	0.373190533726315
5828,	+1.741561000000000e-01,	-2.830699000000000e-02,	+1.741587144169056e-01,	-2.830888475138399e-02,	0.269219214660651,	0.364978978005446
5826,	+1.743610000000000e-01,	-2.858407000000000e-02,	+1.743625779524522e-01,	-2.858674347007395e-02,	0.271326097146856,	0.359390632409430
5824,	+1.745641000000000e-01,	-2.886218000000000e-02,	+1.745655815427986e-01,	-2.886496045142660e-02,	0.273431078128981,	0.352603442059561
5822,	+1.747657000000000e-01,	-2.914140000000000e-02,	+1.747670645581193e-01,	-2.914427471092390e-02,	0.275527381264935,	0.345705901841158
5820,	+1.749660000000000e-01,	-2.942227000000000e-02,	+1.749672676574510e-01,	-2.942522319538875e-02,	0.277617563231350,	0.338832685287464
5818,	+1.751656000000000e-01,	-2.970536000000000e-02,	+1.751667686924773e-01,	-2.970838630043530e-02,	0.279707713626490,	0.331831587129868
5816,	+1.753633000000000e-01,	-2.998912000000000e-02,	+1.753643691103060e-01,	-2.999221027176785e-02,	0.281785213762674,	0.324861560581323
5814,	+1.755588000000000e-01,	-3.027308000000000e-02,	+1.755597742914053e-01,	-3.027621770984280e-02,	0.283846776386801,	0.317953834057835
5812,	+1.757521000000000e-01,	-3.055730000000000e-02,	+1.757529709289594e-01,	-3.056049308072553e-02,	0.285892050698340,	0.311225415684413
5810,	+1.759438000000000e-01,	-3.084248000000000e-02,	+1.759445958847721e-01,	-3.084570665809332e-02,	0.287927597516840,	0.304545486122378
5808,	+1.761351000000000e-01,	-3.113055000000000e-02,	+1.761358134381162e-01,	-3.113381921895578e-02,	0.289965694681211,	0.298025170585836
5806,	+1.763252000000000e-01,	-3.142001000000000e-02,	+1.763258369709720e-01,	-3.142330561494266e-02,	0.291997899471850,	0.291510360713528
5804,	+1.765133000000000e-01,	-3.170959000000000e-02,	+1.765138595176242e-01,	-3.171289715378171e-02,	0.294015438619870,	0.285044141453787
5802,	+1.766997000000000e-01,	-3.199935000000000e-02,	+1.767001889857426e-01,	-3.200267347667415e-02,	0.296021437934148,	0.278446178328118
5800,	+1.768845000000000e-01,	-3.228922000000000e-02,	+1.768849293352684e-01,	-3.229253541103515e-02,	0.298016861306650,	0.271617158111777
5798,	+1.770685000000000e-01,	-3.258056000000000e-02,	+1.770688586054098e-01,	-3.258386126529474e-02,	0.300009998387035,	0.264649807492834
5796,	+1.772521000000000e-01,	-3.287339000000000e-02,	+1.772524145119105e-01,	-3.287666789405672e-02,	0.302005544888475,	0.257187826503481
5794,	+1.774355000000000e-01,	-3.316819000000000e-02,	+1.774357644119636e-01,	-3.317143060931496e-02,	0.304005306192031,	0.249352676827870
5792,	+1.776177000000000e-01,	-3.346332000000000e-02,	+1.776179120595454e-01,	-3.346649667172797e-02,	0.305998366074391,	0.241184543808791
5790,	+1.777979000000000e-01,	-3.375751000000000e-02,	+1.777980865887098e-01,	-3.376062852885190e-02,	0.307976143562516,	0.232770220142395
5788,	+1.779778000000000e-01,	-3.405358000000000e-02,	+1.779779446951651e-01,	-3.405661007501027e-02,	0.309956708122388,	0.224110158898945
5786,	+1.781577000000000e-01,	-3.435202000000000e-02,	+1.781578171788228e-01,	-3.435496534129266e-02,	0.311943699906177,	0.215187013989503
5784,	+1.783360000000000e-01,	-3.465042000000000e-02,	+1.783360995227596e-01,	-3.465326434970087e-02,	0.313919335258113,	0.206215420379993
5782,	+1.785130000000000e-01,	-3.494898000000000e-02,	+1.785130957269973e-01,	-3.495170986072776e-02,	0.315886843744917,	0.197065944043283
5780,	+1.786887000000000e-01,	-3.524824000000000e-02,	+1.786887935365783e-01,	-3.525085535802951e-02,	0.317845966643317,	0.188049975247346
5778,	+1.788635000000000e-01,	-3.554839000000000e-02,	+1.788635958546816e-01,	-3.555087575116253e-02,	0.319801092483057,	0.178923510365539
5776,	+1.790372000000000e-01,	-3.584937000000000e-02,	+1.790373058723669e-01,	-3.585172197483157e-02,	0.321749928702751,	0.169856998520777
5774,	+1.792098000000000e-01,	-3.615113000000000e-02,	+1.792099237676502e-01,	-3.615334098693009e-02,	0.323692374601448,	0.160846838354091
5772,	+1.793815000000000e-01,	-3.645379000000000e-02,	+1.793816479841807e-01,	-3.645584761249436e-02,	0.325630570310242,	0.151794850324249
5770,	+1.795521000000000e-01,	-3.675742000000000e-02,	+1.795522800319930e-01,	-3.675932433063505e-02,	0.327562182524932,	0.142930334293118
5768,	+1.797217000000000e-01,	-3.706186000000000e-02,	+1.797219186760930e-01,	-3.706360204334837e-02,	0.329488230761171,	0.134108279346272
5766,	+1.798901000000000e-01,	-3.736698000000000e-02,	+1.798903697169374e-01,	-3.736853890830540e-02,	0.331406405682866,	0.125452192664548
5764,	+1.800573000000000e-01,	-3.767277000000000e-02,	+1.800576276033429e-01,	-3.767416058718027e-02,	0.333316527103283,	0.116997838443426
5762,	+1.802235000000000e-01,	-3.797932000000000e-02,	+1.802238902764813e-01,	-3.798052602259943e-02,	0.335220723221460,	0.108620798330033
5760,	+1.803887000000000e-01,	-3.828704000000000e-02,	+1.803891519879688e-01,	-3.828806256522743e-02,	0.337118746005378,	0.100535075288410
5758,	+1.805534000000000e-01,	-3.859671000000000e-02,	+1.805539412924744e-01,	-3.859753542325305e-02,	0.339016481817310,	0.092634556294834
5756,	+1.807169000000000e-01,	-3.890717000000000e-02,	+1.807175338481901e-01,	-3.890781149632446e-02,	0.340905382889525,	0.085071167132231
5754,	+1.808784000000000e-01,	-3.921659000000000e-02,	+1.808791169745593e-01,	-3.921704348370368e-02,	0.342775786660299,	0.077786710128177
5752,	+1.810394000000000e-01,	-3.952764000000000e-02,	+1.810402213096931e-01,	-3.952789221674136e-02,	0.344645311325772,	0.070593716193383
5750,	+1.812005000000000e-01,	-3.984128000000000e-02,	+1.812014339383344e-01,	-3.984131523271132e-02,	0.346520728335085,	0.063376985584715
5748,	+1.813605000000000e-01,	-4.015486000000000e-02,	+1.813615556255377e-01,	-4.015468672434188e-02,	0.348387701443670,	0.056139790652069
5746,	+1.815195000000000e-01,	-4.046842000000000e-02,	+1.815206796535961e-01,	-4.046802709656341e-02,	0.350247104501525,	0.048841997297815
5744,	+1.816781000000000e-01,	-4.078317000000000e-02,	+1.816794102415219e-01,	-4.078254836296299e-02,	0.352105810482519,	0.041490097749317
5742,	+1.818367000000000e-01,	-4.110023000000000e-02,	+1.818381463485605e-01,	-4.109937964591030e-02,	0.353968346379847,	0.034214733082685
5740,	+1.819940000000000e-01,	-4.141774000000000e-02,	+1.819955872411943e-01,	-4.141666099768454e-02,	0.355819278401470,	0.027381009105241
5738,	+1.821496000000000e-01,	-4.173482000000000e-02,	+1.821513325619520e-01,	-4.173350611188772e-02,	0.357653662955120,	0.020998485676741
5736,	+1.823031000000000e-01,	-4.205149000000000e-02,	+1.823049823231178e-01,	-4.204996827279193e-02,	0.359466530252046,	0.015447538759952
5734,	+1.824550000000000e-01,	-4.236907000000000e-02,	+1.824570357331260e-01,	-4.236734661550454e-02,	0.361263524737904,	0.010831725388253
5732,	+1.826066000000000e-01,	-4.268997000000000e-02,	+1.826087948147028e-01,	-4.268805477707394e-02,	0.363059857805453,	0.006994764784843
5730,	+1.827572000000000e-01,	-4.301223000000000e-02,	+1.827595585175081e-01,	-4.301012998630350e-02,	0.364847067097439,	0.003773233156250
5728,	+1.829065000000000e-01,	-4.333495000000000e-02,	+1.829090354070398e-01,	-4.333267420017459e-02,	0.366621678583838,	0.001029142103981
5726,	+1.830549000000000e-01,	-4.365876000000000e-02,	+1.830562739595570e-01,	-4.365692859928308e-02,	0.368372184684925,	0.000010000000000
5724,	+1.832024000000000e-01,	-4.398353000000000e-02,	+1.832020022319001e-01,	-4.398243762748782e-02,	0.370106832892612,	0.000010000000000
5722,	+1.833490000000000e-01,	-4.430894000000000e-02,	+1.833471367134214e-01,	-4.430843627747077e-02,	0.371836364511792,	0.000010000000000
5720,	+1.834944000000000e-01,	-4.463486000000000e-02,	+1.834916006329346e-01,	-4.463470378757686e-02,	0.373559726011051,	0.000010000000000
5718,	+1.836385000000000e-01,	-4.496108000000000e-02,	+1.836353195584321e-01,	-4.496102041162316e-02,	0.375275890137675,	0.000010000000000
5716,	+1.837809000000000e-01,	-4.528710000000000e-02,	+1.837780687653212e-01,	-4.528681761543908e-02,	0.376982031225661,	0.000010000000000
5714,	+1.839221000000000e-01,	-4.561372000000000e-02,	+1.839202175592658e-01,	-4.561297243521367e-02,	0.378682499425601,	0.000010000000000
5712,	+1.840629000000000e-01,	-4.594335000000000e-02,	+1.840627141129281e-01,	-4.594180200098350e-02,	0.380388632301658,	0.000010000000000
5710,	+1.842031000000000e-01,	-4.627541000000000e-02,	+1.842054228175651e-01,	-4.627271557068982e-02,	0.382098476226589,	0.000010000000000
5708,	+1.843422000000000e-01,	-4.660902000000000e-02,	+1.843465753050591e-01,	-4.660542018411207e-02,	0.383790722179694,	0.001326307057981
5706,	+1.844804000000000e-01,	-4.694447000000000e-02,	+1.844849737651696e-01,	-4.694081662416889e-02,	0.385450852047319,	0.005215445728533
5704,	+1.846176000000000e-01,	-4.728139000000000e-02,	+1.846223739725164e-01,	-4.727769683600683e-02,	0.387099788498407,	0.009858878253955
5702,	+1.847530000000000e-01,	-4.761773000000000e-02,	+1.847579733208882e-01,	-4.761401900775657e-02,	0.388727801313769,	0.015196537534778
5700,	+1.848869000000000e-01,	-4.795474000000000e-02,	+1.848920697603406e-01,	-4.795101781432412e-02,	0.390338358253300,	0.021311330163262
5698,	+1.850200000000000e-01,	-4.829416000000000e-02,	+1.850253766664765e-01,	-4.829045827192811e-02,	0.391939434121312,	0.028317592871000
5696,	+1.851525000000000e-01,	-4.863720000000000e-02,	+1.851580718498891e-01,	-4.863354548843065e-02,	0.393532799543887,	0.036442010529526
5694,	+1.852860000000000e-01,	-4.898050000000000e-02,	+1.852917860811082e-01,	-4.897686624457826e-02,	0.395137667169495,	0.043265855041985
5692,	+1.854167000000000e-01,	-4.930474000000000e-02,	+1.854226802152847e-01,	-4.930102194624571e-02,	0.396707531986104,	0.045523051176913
5690,	+1.855212000000000e-01,	-4.955667000000000e-02,	+1.855273534874352e-01,	-4.955283090368185e-02,	0.397961283362990,	0.044447757376501
5688,	+1.855976000000000e-01,	-4.974237000000000e-02,	+1.856038753569280e-01,	-4.973843241824959e-02,	0.398877607050584,	0.044090933861779
5686,	+1.856565000000000e-01,	-4.988902000000000e-02,	+1.856628708125745e-01,	-4.988503648333136e-02,	0.399582860184238,	0.044652231429435
5684,	+1.857084000000000e-01,	-5.001803000000000e-02,	+1.857148473141692e-01,	-5.001400633737358e-02,	0.400204206188338,	0.045082927717656
5682,	+1.857601000000000e-01,	-5.013728000000000e-02,	+1.857666294975210e-01,	-5.013313360936160e-02,	0.400823179224459,	0.042547486425546
5680,	+1.858157000000000e-01,	-5.025058000000000e-02,	+1.858223297161807e-01,	-5.024620259457106e-02,	0.401487499883830,	0.034808428706403
5678,	+1.858785000000000e-01,	-5.035898000000000e-02,	+1.858852181366609e-01,	-5.035418130314249e-02,	0.402237552181028,	0.019961740162760
5676,	+1.859531000000000e-01,	-5.045942000000000e-02,	+1.859526446781151e-01,	-5.045701167250007e-02,	0.403041076539593,	0.000010000000000
5674,	+1.860450000000000e-01,	-5.054461000000000e-02,	+1.859949870597525e-01,	-5.056210731480792e-02,	0.403544685845029,	0.000010000000000
5672,	+1.861547000000000e-01,	-5.060609000000000e-02,	+1.860315903699246e-01,	-5.065295833084364e-02,	0.403980036122919,	0.000010000000000
5670,	+1.862755000000000e-01,	-5.064242000000000e-02,	+1.864566367047055e-01,	-5.061139641127438e-02,	0.608098822517824,	0.999990000000000
5668,	+1.864009000000000e-01,	-5.065372000000000e-02,	+1.864681288606345e-01,	-5.065365918369152e-02,	0.607910000371896,	0.999990000000000
5666,	+1.865255000000000e-01,	-5.063912000000000e-02,	+1.865285607343079e-01,	-5.065496860788649e-02,	0.606919522654484,	0.926818058938792
5664,	+1.866436000000000e-01,	-5.059937000000000e-02,	+1.866468107228607e-01,	-5.061184670740616e-02,	0.604994736339067,	0.771132257066180
5662,	+1.867507000000000e-01,	-5.053774000000000e-02,	+1.867561166513934e-01,	-5.054635031609823e-02,	0.603230891431694,	0.621999316600840
5660,	+1.868423000000000e-01,	-5.045581000000000e-02,	+1.868493544642048e-01,	-5.046101273247334e-02,	0.601742847139578,	0.487854185855880
5658,	+1.869121000000000e-01,	-5.035492000000000e-02,	+1.869286995987758e-01,	-5.035451885746816e-02,	0.600485859208407,	0.364677185437373
